acronym,x,y,gc1,gc2,gc3,gc4,bio1,bio2,bio3,bio4,bio8,bio12,bio15,bio18
ace,2905328.9474196844,2016128.3562838435,0.2405,0.0785,0.2035,0.4774,16.1916666666667,12.8166666666667,0.410790598290598,6.56799517402842,9.48333333333333,606.5,56.9958406604604,47.1
ado,2845804.665792428,2201341.035474444,0.4225,0.0626,0.1005,0.4144,13.0333333333333,11.766666666666701,0.426328502415459,5.71884179840215,7.31666666666667,1005.4000000000001,61.293560306748,69.4
ads,3434819.738670415,1811995.118969956,0.1821,0.4345,0.1518,0.2316,16.4458333333333,10.9583333333333,0.407372986369269,5.78738668977369,13.4,901.5,36.846574379943,144
agu,3371519.72107435,2095746.4154939335,0.1344,0.6508,0.1823,0.0324,11.6541666666667,12.391666666666701,0.397168803418803,6.72395508385481,13.55,517.4,33.3021887266634,103.2
agd,3036573.3869538982,1889672.4441721053,0.0613,0.0209,0.1345,0.7832,15.4125,12.391666666666701,0.387239583333333,6.988891347898269,8.36666666666667,667,52.5424351060391,48.3
ani,2941278.646183857,1807507.0305606488,0.0201,0.0595,0.0615,0.8589,14.9958333333333,12.524999999999999,0.401442307692308,6.62939248324986,8.36666666666667,694.7,64.9362804847879,48.3
alb,3227365.3289255314,2237539.319853544,0.3866,0.3099,0.0355,0.2681,10.516666666666701,10.9333333333333,0.39902676399026804,5.88759610357129,4.63333333333333,737.5,27.0983872186586,113.69999999999999
ale,3606049.5201310525,2186289.2062587296,0.0416,0.9082,0.0339,0.0163,8.90416666666667,12.524999999999999,0.41336633663366296,6.4002293401143495,10.8333333333333,687.0999999999999,24.707426837674,201
aln,3459743.5218636207,2062655.177142381,0.0485,0.604,0.3153,0.0322,14.508333333333301,11.850000000000001,0.389802631578947,6.71287207647751,15.1833333333333,383.6,28.013032030184498,81
ali,3033079.3556038393,1995250.488846959,0.138,0.2498,0.0843,0.5279,15.7291666666667,12.675,0.39733542319749204,6.8791337434742506,8.66666666666667,610.5,54.0205090909312,42.800000000000004
ala,2878183.956886026,2008949.4540483675,0.0334,0.1987,0.0741,0.6937,16.825000000000003,12.7666666666667,0.413160733549083,6.54586962067754,13.149999999999999,503.6,52.2853975084908,46
alr,3423615.793309835,1839602.782908904,0.2161,0.3896,0.13,0.2642,16.995833333333298,11.3416666666667,0.432888040712468,5.64400157582179,14.1166666666667,701.8000000000001,55.0034038231039,103.10000000000001
alo,2838230.914291528,2062376.2077010665,0.6505,0.0375,0.0475,0.2645,13.2708333333333,12.5916666666667,0.40357905982906,6.50787838397477,6.7,1181.7,55.426176632194704,90.19999999999999
adv,3432926.7047278034,1931639.2564290233,0.0723,0.7759,0.0889,0.0629,14.179166666666701,11.1083333333333,0.403939393939394,5.96780979823241,15.1,596,35.7727955469086,124.1
alu,2922223.329851873,1934733.0594170887,0.0932,0.0785,0.0231,0.8052,15.8,11.0333333333333,0.36900780379041204,6.79535269002413,9,631.1999999999999,58.9309952252495,39.1
ade,3172160.3678169632,2147959.1425442854,0.5624,0.2914,0.0241,0.1222,10.741666666666701,12.6666666666667,0.405982905982906,6.52480697496915,6.983333333333331,510.90000000000003,31.204785037180297,81.6
all,2860660.7170765176,2294138.1721695545,0.7172,0.0501,0.1266,0.1061,13.362499999999999,12.424999999999999,0.491106719367589,4.55851476011451,8.28333333333333,763.1,60.2584669698124,56.8
ald,3028068.8018271807,1863878.521189178,0.2168,0.0262,0.1805,0.5765,16.7458333333333,12.2083333333333,0.390042598509052,6.8973136514197,9.81666666666667,613.6999999999999,51.4590770120952,51.3
alm,3432720.2568311538,1926302.3019332378,0.0328,0.8153,0.1099,0.0419,13.487499999999999,11.075,0.404197080291971,5.9822512104938,14.450000000000001,601.1999999999999,38.8513539053894,121.1
amu,3249451.7870594542,2231683.543686605,0.3671,0.3218,0.0201,0.2911,10.420833333333299,10.875,0.407303370786517,5.69135941315403,11.75,817.2,25.8863067339753,131.5
ang,3709715.7907964913,2122669.1048407378,0.2612,0.3426,0.0324,0.3638,14.1083333333333,11.0333333333333,0.410161090458488,5.80026775766482,15.116666666666701,864.4,20.8127408394269,186.4
ara,3184733.1469434127,2169859.8610852333,0.7817,0.1496,0.031,0.0377,11.5041666666667,12.9083333333333,0.421840958605664,6.34606027867732,13.316666666666702,457.2,28.4694411946923,78.8
aru,3696033.805100939,2109946.7041688454,0.2264,0.3857,0.0113,0.3765,12.933333333333298,10.3666666666667,0.394169835234474,5.74932143558672,13.9333333333333,930.6999999999999,20.9236291754217,217.60000000000002
are,3086610.243167755,2109886.230249459,0.7078,0.227,0.026,0.0391,12.0166666666667,12.6,0.405144694533762,6.55932138027227,8.21666666666667,410.3,29.322993154862502,70.4
adc,3097813.6901365486,1855432.380017175,0.1997,0.0265,0.4699,0.304,14.5541666666667,12.975000000000001,0.400462962962963,6.972232534500799,10.4833333333333,452.8,43.1412771184963,45.5
adm,3064672.341035312,1904512.147691947,0.0209,0.0479,0.0491,0.8821,14.566666666666702,12.8166666666667,0.38956433637284704,7.1086801400353705,7.35,629.9,56.076945681965896,48.7
aul,3134906.433246313,2045915.1899678798,0.3587,0.2365,0.0874,0.3174,13.0458333333333,12.225,0.390575079872204,6.783183026404121,9.06666666666667,632.6,43.4327985080685,66
ave,3179129.151685222,2200964.8006681926,0.5857,0.2374,0.0351,0.1418,11.054166666666701,12.2916666666667,0.413860830527497,6.30261339493869,7.4,515.2,30.406638832924997,84.7
aya,3246705.3090197737,2220934.658732007,0.6514,0.2231,0.0218,0.1037,9.525,10.9166666666667,0.39841849148418496,5.90094368416073,10.8,879.2,33.3472906073368,125.3
pan,3483758.9548249505,2240805.7889902983,0.0624,0.8837,0.0294,0.0245,6.7166666666666694,9.31666666666667,0.37118193891102297,5.64182164864785,1.5333333333333299,1673.8999999999999,28.045339613696896,279.5
bad,2865975.04995242,2222180.3431352125,0.0149,0.0731,0.8932,0.0187,12.9375,11.875,0.42715827338129503,5.66123681475411,7.16666666666667,961.5999999999999,54.4040806813117,74.9
bar,3661875.4309898685,2071208.8627062088,0.2765,0.5205,0.0142,0.1888,14.7833333333333,8.100000000000001,0.34468085106383,5.64910826966737,15.7166666666667,715.8,29.3036531967999,161.9
bea,2951345.258985157,1631447.544760387,0.028,0.0134,0.0176,0.941,17.3833333333333,8.88333333333333,0.364071038251366,5.44819959141355,12.2333333333333,996.5,77.1041631273075,39.5
ben,3213120.733597938,1790749.5903547911,0.3714,0.1359,0.0333,0.4594,15.1125,11.858333333333299,0.377653927813163,6.993929998089899,7.18333333333333,759.2,47.3663248201657,68
ber,3453464.1765271127,2217691.700037163,0.1255,0.823,0.0181,0.0333,9.71666666666667,11.366666666666701,0.39467592592592604,6.214547936946509,6.5,834.4,22.2328924597005,159.8
bes,3108482.0064677713,2321108.592457932,0.4974,0.1457,0.3157,0.0411,7.06666666666667,11.9166666666667,0.427120669056153,5.46236434544825,1.9,1358.1999999999998,43.39171004897621,143.3
bis,3542661.311758218,2202695.1333595812,0.0449,0.8948,0.0177,0.0425,7.262499999999999,12.4416666666667,0.403950216450217,6.43704212846524,9.200000000000001,1109.1,18.6876863896812,286.1
boa,3144127.769841835,2030295.4187757429,0.4103,0.4266,0.0988,0.0643,13.6125,12.4083333333333,0.392668776371308,6.87604950667037,9.53333333333333,514.9,39.3727989474421,64.2
bob,3050517.1122705867,2388379.213241333,0.6795,0.1484,0.0343,0.1377,12.6125,10.525,0.471973094170404,4.32897872692646,8.48333333333333,1264.3000000000002,26.977845381001,208.70000000000002
bdm,3142186.9789886978,2074430.463547127,0.0088,0.0157,0.9669,0.0086,5.59583333333333,8.65833333333333,0.312575210589651,6.66709894431853,-0.616666666666667,1322,40.4821624515215,141.1
bon,2868670.859597222,1688963.9496417502,0.0127,0.0268,0.9242,0.0363,18.1833333333333,11.799999999999999,0.445283018867925,5.263525146676599,13,563.6999999999999,72.4798701776609,24.4
bor,2955780.7666579285,2306404.6703426233,0.737,0.0432,0.0871,0.1327,11.5625,12.5583333333333,0.43304597701149405,5.68791082432333,4.88333333333333,828.1,42.9131950522924,94.9
bos,3559068.4601297644,2233360.595273311,0.4503,0.0961,0.0173,0.4363,9.70833333333333,11.5666666666667,0.43320848938826495,5.5089940235505,11.1166666666667,973.5,16.0981621497844,212.8
brv,3155157.081361247,2326428.674139847,0.394,0.1829,0.3934,0.0297,5.429166666666671,11.241666666666701,0.43071519795657703,5.16924727830295,0.8,1080.4,32.7301731721345,145.29999999999998
bra,3000538.6519331746,2296855.328410767,0.6903,0.0161,0.0436,0.25,10.016666666666701,12,0.427046263345196,5.75102098972369,4.21666666666667,658,36.4365784058173,91.5
buj,3305707.9351783767,2258213.1812262135,0.5798,0.133,0.0201,0.267,11.4083333333333,10.733333333333299,0.401997503121099,5.732635175955821,5.6000000000000005,812.3000000000001,30.7260760866846,118.2
bur,3071842.472332134,2047429.9465554361,0.769,0.0239,0.1784,0.0288,12.7083333333333,12.483333333333299,0.398828541001065,6.701995406163929,5.96666666666667,623.4000000000001,48.397551382449706,54.6
bus,3135297.0989372227,1647445.6794452127,0.446,0.2064,0.1439,0.2037,11.712499999999999,12.258333333333301,0.41980593607305894,6.099669327848099,5.8999999999999995,643.1999999999999,67.216485610298,26.9
can,3071868.477699932,1930537.4316212393,0.0382,0.0165,0.9338,0.0115,13.7541666666667,13.075000000000001,0.398628048780488,7.03693044952948,6.73333333333333,669.7,51.4282729280891,59
cab,3684448.8474971987,2080610.0104422474,0.3463,0.4889,0.0211,0.1437,14.4541666666667,9.675,0.385458167330677,5.6734011898160395,15.600000000000001,607.6,31.2876485389555,152.89999999999998
cal,3363304.175944417,2054558.4097188734,0.0733,0.4469,0.4549,0.0249,10.8666666666667,13.45,0.41512345679012297,6.75386533547249,12.633333333333301,456.8,30.5133754473194,108.6
cdl,3031842.896720623,2338397.736657733,0.4183,0.1381,0.2103,0.2333,8.48333333333333,11.75,0.435185185185185,5.37956289764298,3.1666666666666696,946.7,42.908618341066706,116.30000000000001
cae,3335429.7364361556,2045868.4407830583,0.2111,0.6869,0.0789,0.0231,10.0208333333333,13.0416666666667,0.39882772680937806,6.9106129952195205,11.8166666666667,474.6,34.8189082250668,105.39999999999999
cam,2931185.3061122904,1854941.0448083659,0.042,0.0723,0.0726,0.8131,15.0583333333333,13.100000000000001,0.41194968553459105,6.58682684445157,8.66666666666667,452.70000000000005,51.1152335628688,36
cad,2988185.8587121833,2057813.2041639867,0.6593,0.052,0.0734,0.2153,11.3125,12.5916666666667,0.391045548654244,6.81389372732454,4.41666666666667,916.4,46.5870918017702,82.8
caz,3034453.2508774297,2204544.156382476,0.7267,0.1129,0.0445,0.1159,12.2333333333333,12.566666666666698,0.414741474147415,6.3045197832166195,8.65,415.6,35.7841345437196,60.7
cat,3163088.773228521,2043277.0925861436,0.0123,0.0245,0.9432,0.0199,13.6583333333333,12.3333333333333,0.394036208732694,6.78091685049546,9.7,512,40.2664498078137,61.5
cay,3690271.1976793758,2087024.2456732958,0.0866,0.5224,0.0128,0.3782,14.3625,10.774999999999999,0.409695817490494,5.74531924107079,15.4166666666667,729.9,25.7975647984301,166.1
coc,3758775.8352235593,2159372.540057997,0.1604,0.67,0.1149,0.0547,13.95,9.06666666666667,0.385815602836879,5.22202503388728,14.883333333333299,853.9,24.5851226044479,203.4
cap,3128137.3483482637,1648234.218828377,0.3812,0.3187,0.0496,0.2505,13.316666666666702,13.55,0.483928571428571,5.62952175158025,7.7,826.7,71.433417538987,51.7
cem,3122100.072595129,2119323.1075469316,0.011,0.0615,0.9171,0.0103,12.154166666666699,12.3416666666667,0.40070346320346295,6.67033658457466,13.9833333333333,447.40000000000003,28.1224100445532,67.4
car,3066636.7423651963,1803540.8976809597,0.0351,0.0435,0.3285,0.5928,15.0541666666667,13.2083333333333,0.405163599182004,6.850064974255,8.23333333333333,760.6,57.874925195891706,44.5
cmo,3072923.3845611354,2004774.3257688095,0.4864,0.1808,0.0343,0.2985,15.4791666666667,13.075000000000001,0.40605590062111796,6.8482731178721,8.43333333333333,574.5,51.806637075922396,45.5
cdm,2974651.9064094285,1988278.0812775346,0.0946,0.0374,0.0993,0.7687,16.5875,13.174999999999999,0.42500000000000004,6.5432520757856105,9.200000000000001,633.2,57.16373821668191,41.5
cas,3152406.83902595,1819507.661369367,0.2908,0.016,0.2325,0.4606,14.3458333333333,13.125,0.394144144144144,7.15384379621236,7.18333333333333,472.59999999999997,47.5909965135127,43.9
cdo,3117078.8925325563,2242619.738457599,0.6463,0.2153,0.0207,0.1177,11.2958333333333,12.475000000000001,0.430172413793103,5.95385506638473,7.95,483.7,28.138782003673,86.7
cds,2937291.420309702,1793360.9173280506,0.0266,0.0203,0.0202,0.9329,15.475000000000001,12.9,0.412140575079872,6.47598711324452,9.03333333333333,828.4000000000001,76.4610583055459,42.300000000000004
cer,3134858.689942128,2070495.4832102398,0.8418,0.095,0.0252,0.038,10.279166666666699,10.2916666666667,0.358594657375145,6.49683343614177,4.2,961.5999999999999,52.1557074870016,79.3
cha,3116070.38763772,2033518.2245505406,0.6252,0.2346,0.0458,0.0944,14.6916666666667,11.299999999999999,0.365695792880259,6.98107289661688,7.53333333333333,566.8,47.221142000442306,51.5
chi,3035774.951775061,1873674.6151647558,0.2007,0.0258,0.3306,0.4429,15.600000000000001,12.433333333333302,0.38612836438923404,7.0383042895805,8.5,720.1999999999999,49.7100808071636,62.599999999999994
cdc,3104518.096346903,2130085.5150534147,0.6289,0.2314,0.12,0.0198,12.3125,12.6583333333333,0.409654800431499,6.486213526325731,8.55,439.7,30.8647695466693,70.9
cir,2924563.4352127006,2099251.4851367557,0.5773,0.0312,0.0639,0.3277,13.070833333333301,12.758333333333301,0.42106710671067105,6.14940715299722,6.68333333333333,552.4,38.0269662163601,68.60000000000001
cod,3372519.190279926,2088105.3980536542,0.1542,0.7976,0.026,0.0222,12.0166666666667,12.383333333333299,0.398177920685959,6.68177076874541,13.9166666666667,533.2,27.76605858306,108
coy,3112748.5569006177,2041370.62110153,0.6294,0.0694,0.1156,0.1856,12.7083333333333,12.066666666666702,0.38428874734607205,6.8334349585939105,5.81666666666667,698.3,43.8056691359093,74.6
con,2950464.599736044,1791400.5074456069,0.0287,0.0267,0.8131,0.1315,14.966666666666699,13.149999999999999,0.412225705329154,6.5744454772500305,8.41666666666667,770,63.9733020787181,52.1
coa,2798130.722832911,1882428.681000648,0.0247,0.0689,0.0466,0.8599,17.1166666666667,12.3166666666667,0.416103603603604,6.15265402205841,10.9666666666667,599.9,61.08625321252531,33.7
cot,3048509.737922524,2210726.602383859,0.8837,0.0241,0.0629,0.0294,12.0916666666667,12.7,0.41639344262295097,6.34317218222344,8.46666666666667,408.1,32.5186152022493,62.5
cov,3206063.8213811237,2205641.029634297,0.5958,0.1407,0.1377,0.1258,10.8458333333333,11.625,0.396757679180887,5.99581135359334,4.866666666666671,650.8,33.9780842872675,109.2
cda,3328152.9288849453,2149683.872944923,0.4626,0.1306,0.0475,0.3592,9.99166666666667,12.2333333333333,0.39335476956055704,6.67801118098295,11.8333333333333,575.9000000000001,24.8875923391723,118.69999999999999
cum,2861814.978110785,1825006.489370243,0.0234,0.0381,0.0385,0.9,15.1875,12.6416666666667,0.413126361655773,6.20703870984019,9.116666666666669,812.0999999999999,62.0885110330942,46.4
cur,2860661.5714188125,2401110.800893442,0.6696,0.0769,0.1192,0.1343,11.6083333333333,10.733333333333299,0.490106544901065,4.13591988961746,7.633333333333329,1469.7,44.917135594997504,172.2
dar,3361038.4569930024,2075954.909553041,0.1498,0.7404,0.0695,0.0403,12.3625,12.2083333333333,0.401589912280702,6.5450232654632,14.2166666666667,474.90000000000003,25.6587688418414,108.10000000000001
deh,2909450.789371452,2066268.1316542253,0.5154,0.1502,0.1338,0.2005,12.337499999999999,12.4083333333333,0.40286796536796504,6.42148825145981,5.91666666666667,1150,60.349696285679705,76.8
don,2861606.915903192,1685474.972308215,0.0201,0.0232,0.9186,0.0381,18.120833333333298,11.375,0.442607003891051,5.10278258908952,13.0833333333333,570.7,73.419651126896,24
elb,3683255.275118799,2110925.322436941,0.3015,0.5538,0.0264,0.1183,9.31666666666667,10.5666666666667,0.38424242424242405,6.10675234821458,10.1666666666667,1023.6,18.3379448335927,237.7
ele,3123294.185359396,1911622.050670342,0.3866,0.2694,0.1442,0.1998,14.441666666666698,13.016666666666701,0.3932527693857,7.12405761976256,7.16666666666667,520.5,43.651424317483205,55.5
esp,3117483.16855646,2072683.6183928142,0.7321,0.1849,0.0193,0.0638,10.5666666666667,11.850000000000001,0.388524590163934,6.619370106442199,6.83333333333333,618.6999999999999,37.1850126310393,82
elp,3143463.962871812,2045146.2226943122,0.6729,0.1638,0.0906,0.0727,13.6375,12.225,0.39308681672025697,6.74530560666251,9.73333333333333,578.9,41.7269698830851,63.8
ven,3139819.524617645,2071973.145955626,0.0393,0.0371,0.9033,0.0202,7.50416666666667,9.158333333333331,0.329436450839328,6.56393238336086,1.3666666666666698,1320.3,41.6668973156127,139.9
ers,3539593.642274338,2215412.5660852706,0.1277,0.7976,0.0451,0.0296,7.53333333333333,12.1833333333333,0.403421633554084,6.22189438169515,9.51666666666667,1134.8999999999999,22.8919419696392,268
evs,3139135.927129082,2040625.6409417177,0.4713,0.2584,0.0953,0.175,13.7708333333333,12.2916666666667,0.393963675213675,6.77993223126943,9.81666666666667,573.9,41.8653080851725,63.5
esn,3511686.213702885,2182201.2318687094,0.0219,0.8014,0.0741,0.1026,13.070833333333301,11.908333333333301,0.39172149122807,6.6790873877599,15.3333333333333,762.6,22.811445939105003,170.79999999999998
esc,3583276.597843541,2184554.1963644978,0.0226,0.8297,0.0169,0.1309,10.25,12.1833333333333,0.418671248568156,6.10513941468393,15.7833333333333,785.8,26.877940520599203,239
est,3178364.964669995,2237312.329187418,0.8633,0.0628,0.0239,0.05,10.9916666666667,11.6666666666667,0.412249705535925,5.9704892952121105,7.7166666666666694,521.9,28.7072135013905,81.19999999999999
ezc,3249397.1389557915,2226296.8842747533,0.5966,0.3203,0.0219,0.0612,11.012500000000001,10.8916666666667,0.41100628930817595,5.6150012142798005,9.38333333333333,882.9000000000001,27.801580324597598,137.89999999999998
fad,2986814.31353609,2174301.3464891613,0.8226,0.0279,0.0481,0.1014,12.0958333333333,11.825000000000001,0.399493243243243,6.30603817180347,5.66666666666667,530.6,39.3441238034719,63.6
frc,2862861.0038270317,2126001.3310451126,0.6151,0.0547,0.1709,0.1594,14.175,12.25,0.41666666666666696,6.12069886086994,8,998.7,57.094489113889004,76.39999999999999
fre,2917909.0398520487,2299379.640269642,0.5875,0.0217,0.241,0.1498,12.962499999999999,10.825,0.44183673469387796,5.02213848873167,7.91666666666667,776.2,41.5317015918193,96
fun,3137347.4003183413,2075678.6277323912,0.0463,0.0265,0.9124,0.0149,6.3958333333333295,9.591666666666669,0.33537296037296,6.694959377069139,0.21666666666666698,1206.1,45.0996344045618,116.19999999999999
fue,2971978.615989381,1823488.1432238983,0.0277,0.0173,0.0531,0.9019,15.4958333333333,12.825,0.40330188679245305,6.71075996012555,8.83333333333333,555.2,52.1540338625666,42.5
fut,3157212.384406708,2132156.1960949334,0.5203,0.3376,0.1055,0.0367,11.7208333333333,12.524999999999999,0.406655844155844,6.480546355100481,8.01666666666667,504.4,30.0143445043385,79.4
glo,2980014.9326961264,2030724.6203255362,0.5173,0.1523,0.0971,0.2333,14.5416666666667,12.2333333333333,0.395900755124056,6.686649974298629,7.800000000000001,1321,57.238229674467,88.5
gra,2945078.663783768,1660621.1223732145,0.0154,0.0315,0.9341,0.0191,13.8125,9.69166666666667,0.34489916963226597,6.45942317295227,6.68333333333333,1668.6000000000001,65.265788112455,80.9
gua,3002435.1748008924,1945557.0340611234,0.1853,0.0444,0.0428,0.7275,15.1541666666667,11.1083333333333,0.366611661166117,6.839772003554359,8.36666666666667,879,59.583778083347,60.300000000000004
gud,3129910.8177064974,2061667.018670529,0.734,0.1044,0.0346,0.127,11.216666666666699,11.399999999999999,0.378737541528239,6.65672364583131,4.9,861.5999999999999,51.3456533887682,78.60000000000001
gue,3259900.9041865733,2326800.7179699084,0.0463,0.1556,0.0441,0.754,14.087499999999999,9.64166666666667,0.442278287461774,4.54108141906148,9.6,1202,31.6559037067792,190.3
hec,3447458.282586881,2256534.2779697543,0.2435,0.7009,0.0212,0.0344,8.149999999999999,11.7333333333333,0.401826484018265,6.13777424864036,2,1469.9,23.642581181603298,262.9
hee,3162828.1581674456,1904182.5719356365,0.0257,0.0084,0.9579,0.008,13.945833333333299,12.975000000000001,0.391993957703927,7.21013990323644,9.8,277,43.551153522985004,40
her,2964518.0629717465,1953008.828553318,0.0117,0.0134,0.9631,0.0118,15.0041666666667,12.0416666666667,0.382275132275132,6.88946687254383,7.98333333333333,657.6999999999999,51.643599395364895,51.5
hom,3335011.8435035846,2044981.0616249223,0.3416,0.4435,0.162,0.0529,10.149999999999999,12.9833333333333,0.399487179487179,6.897496251934791,11.950000000000001,470.3,34.3618509317916,102.89999999999999
hon,2977531.3529702146,1775327.2038146951,0.0221,0.0753,0.0351,0.8675,16.9083333333333,13.55,0.426100628930818,6.44031455094792,10.383333333333301,686.9,67.5516100752953,31.200000000000003
hor,3705273.8674685825,2092666.5976484928,0.1357,0.4532,0.0351,0.376,13.091666666666699,10,0.387596899224806,5.79536779495382,14.05,768.1999999999999,24.688914968741898,164
hoy,3050757.0763344886,2048260.2298134707,0.3238,0.2972,0.0931,0.286,10.504166666666702,12.725,0.393962848297214,6.884054643401179,3.7,972.6,47.9027914620718,82.8
hue,3014314.0617120825,2346195.0177633497,0.5779,0.1098,0.0846,0.2278,7.9708333333333306,11.174999999999999,0.42816091954023,5.2843877401151,2.83333333333333,1048.3,40.6815704974032,127.89999999999999
hum,3194056.974481671,2227488.958749271,0.1054,0.0699,0.7857,0.039,10.962499999999999,11.525,0.407243816254417,5.97943920295358,7.7,570.9000000000001,29.4060732047367,87.8
iso,3074816.8222310776,2343740.249869987,0.2745,0.3487,0.3181,0.0586,5.88333333333333,11.766666666666701,0.41725768321513,5.702524693395709,0.583333333333333,1486.5,34.8765147633563,193.1
jim,3014584.3872218924,2269607.0140614137,0.7523,0.0912,0.078,0.0785,11.1708333333333,12.9916666666667,0.43596196868008896,6.03231669402143,4.85,460.4,33.4314603756146,69.1
lab,3101698.5401137816,2091346.221335693,0.6786,0.1288,0.0943,0.0983,11.587499999999999,12.424999999999999,0.39823717948718,6.620152600548231,7.766666666666669,456.3,30.7120803274322,73.3
cen,3081147.647099773,1784054.8789158033,0.1573,0.1115,0.0943,0.637,15.591666666666699,13.45,0.407575757575758,6.859062794889869,8.733333333333329,629.8,60.7544448690339,35.699999999999996
cho,3144924.3241341803,2043408.5556932357,0.4527,0.4368,0.0541,0.0565,13.6791666666667,12.275,0.393429487179487,6.763587614886229,9.71666666666667,571,40.745648783316796,65.7
fel,3054629.932457815,2378182.205609757,0.5746,0.2056,0.0334,0.1864,12.5541666666667,10.3583333333333,0.466591591591591,4.38968099551941,10.5666666666667,1083.5,25.708896927982398,183.70000000000002
laf,3040913.038310339,2386337.2786196102,0.5555,0.2385,0.0636,0.1423,12.9125,8.25833333333333,0.443996415770609,3.89668419650255,8.6,978,23.3336329164848,167.5
ldd,3098373.6003022725,2172269.8927685777,0.5724,0.1954,0.1029,0.1293,12.195833333333299,12.608333333333299,0.41749448123620303,6.35361237025955,8.45,429.7,33.1229065943231,67.69999999999999
lap,2880764.797462093,1866573.7451001292,0.0687,0.0111,0.0389,0.8814,16.2958333333333,11.5583333333333,0.39448236632537,6.2856784667909,10.149999999999999,569.8,65.5655537272729,38.1
man,3041105.712227716,2382977.48711408,0.4553,0.1725,0.0622,0.31,13.049999999999999,9.23333333333333,0.45484400656814405,4.0986139564048205,11.316666666666698,991.9,21.141823646215897,182.60000000000002
ped,3149123.2317677108,2067979.8001169048,0.0203,0.033,0.9226,0.0241,11.5208333333333,12.0416666666667,0.390963203463203,6.62829534966753,4.93333333333333,811.7,41.8933661664991,98.9
piz,3128348.818343713,2057353.8573299667,0.8059,0.0974,0.0572,0.0395,11.924999999999999,11.7333333333333,0.38469945355191204,6.69027448818602,8.149999999999999,822.3000000000001,46.8450147656537,79.1
lar,2976334.6774972063,2367559.3336039884,0.6614,0.1371,0.0545,0.1471,11.5041666666667,11.475,0.468367346938776,4.6804457020349,6.91666666666667,1542.2,38.7349620661926,204.8
lac,3037573.5396079095,2383071.7087944252,0.6178,0.1827,0.0183,0.1812,13.058333333333302,9.36666666666667,0.456910569105691,4.13262151739796,11.283333333333301,1000.1999999999999,22.460008909591302,177.8
las,3124690.5069268052,2053357.5207738804,0.0652,0.0165,0.9051,0.0132,11.908333333333301,12.0833333333333,0.387286324786325,6.7666909239750295,8,862.3000000000001,44.2453438128813,88.6
lam,3146638.3211355703,2049090.751286293,0.4789,0.2113,0.2194,0.0904,13.5333333333333,12.133333333333301,0.392664509169364,6.719284774348219,9.633333333333331,583.3,42.500652658924096,63
med,2950295.08974215,2303538.4300461654,0.0771,0.055,0.7924,0.0755,10.8416666666667,12.933333333333298,0.431111111111111,5.791994213541391,4.050000000000001,902.6999999999999,41.4816277626789,109
ndc,2963625.8588332804,1789180.5650141696,0.0274,0.0463,0.0788,0.8475,16.287499999999998,12.9916666666667,0.41506922257721,6.4661048061129005,9.833333333333329,680.5,70.1198455914079,35.099999999999994
lso,3177622.2092467267,1851376.6296387364,0.0223,0.0167,0.9398,0.0212,14.1583333333333,13.100000000000001,0.393393393393393,7.15102768626279,10.1,446.4,41.560069815454305,51.2
lro,3146296.5808331305,2041180.970013889,0.4613,0.351,0.1156,0.0721,13.766666666666701,12.3,0.39297124600639,6.77992804109485,9.783333333333331,558.6,39.7345784274544,67.4
led,2984584.435693288,2144599.808959074,0.7887,0.0682,0.0704,0.0727,12.4375,13.225,0.433606557377049,6.11158084741955,6.21666666666667,652.3000000000001,37.914701097404404,77
leg,3149282.3275291827,2021667.8411845223,0.5137,0.3665,0.0572,0.0626,14,12.05,0.383757961783439,6.91470764517068,9.9,458.8,38.8827470552158,57.1
liz,3343277.276575208,2299896.0172313834,0.6541,0.2796,0.0259,0.0404,13.4416666666667,9.65,0.423245614035088,4.85137437571389,8.533333333333331,1752.5,28.9425901507715,284.9
lle,3728795.683886869,2108735.4992437717,0.346,0.2343,0.0119,0.4079,14.9208333333333,10.4416666666667,0.407877604166667,5.611694701624669,16.0333333333333,798.6,28.0076634340181,170.3
lla,3041519.3163226717,2350458.2988366513,0.528,0.1967,0.1965,0.0789,10.4416666666667,11.266666666666701,0.459863945578231,4.83772266733642,5.68333333333333,1048.1,34.561312692936596,147
lor,3427540.7892841254,1812853.6252979485,0.251,0.5359,0.1513,0.0618,12.6875,10.975,0.386443661971831,6.269302012766071,9.45,558,45.2337822531566,70.7
bae,3043680.421985086,2383826.341751717,0.4688,0.2283,0.0351,0.2678,12.4791666666667,9.225,0.452205882352941,4.14226872034096,10.7166666666667,1032.3,23.4707426046125,179.4
loz,3161649.8968557175,2092668.3717614096,0.446,0.2912,0.1252,0.1375,8.85416666666667,12.3583333333333,0.397374062165059,6.63244293171259,2.53333333333333,684.3000000000001,39.2940921122013,93.9
lum,3281108.754069607,2213244.7306805537,0.3921,0.3455,0.0488,0.2137,10.5541666666667,11.5583333333333,0.412797619047619,5.9346998979550705,11.983333333333299,533.5,29.296061325199098,91
may,3738266.858933636,2124300.1990853427,0.2899,0.4669,0.038,0.2052,14.762500000000001,10.024999999999999,0.40099999999999997,5.50463131454695,15.8,752.6,30.5955607082122,162.60000000000002
mad,3162426.707834866,2032513.684144554,0.5337,0.152,0.0157,0.2986,13.8291666666667,11.2916666666667,0.373896247240618,6.804258637504939,9.68333333333333,473.1,39.2101398174811,57.599999999999994
ini,3156380.8638014803,2034617.3076598973,0.3835,0.227,0.0954,0.2942,14.3875,11.991666666666701,0.386827956989247,6.79224574590225,10.3666666666667,489.3,40.348585967715294,60.199999999999996
mal,3201791.248746193,2069883.3832899032,0.3202,0.2172,0.3846,0.078,12.2833333333333,12.5,0.395569620253165,6.76952842903515,5.4666666666666694,543.1,38.7518169379152,68.89999999999999
mac,3206315.755076202,2055191.9567940624,0.6721,0.2309,0.035,0.062,13.3375,12.575000000000001,0.397943037974684,6.77502515929579,6.383333333333329,477.29999999999995,35.5780553722217,63.3
mar,3124890.428245013,1942189.0839645355,0.0138,0.0127,0.9533,0.0202,12.6791666666667,13.025,0.38997005988023997,7.2166618552716795,5.4,488.5,39.3924847487269,62.199999999999996
mat,3711442.5993280187,2102684.514147195,0.2178,0.371,0.0372,0.374,15.337499999999999,10.875,0.415076335877863,5.69501875645407,16.4333333333333,767.9000000000001,27.3577573466604,163
mep,3223831.37036708,2302705.3802765985,0.5244,0.2277,0.085,0.1629,11.225000000000001,11.6166666666667,0.443384223918575,5.349830073767,5.76666666666667,733.1,26.427331656310802,120.3
men,3091279.3311976017,1957139.3286921235,0.4466,0.305,0.095,0.1534,14.2916666666667,12.8,0.38787878787878804,7.14546370189868,7.01666666666667,515.4,47.6022539925616,48.9
met,3118749.8903907887,2019954.3018486442,0.3536,0.3985,0.0504,0.1975,14.620833333333302,11.891666666666701,0.379925452609159,6.89662164769934,7.55,513.9,45.678875627727294,48.5
mer,2907397.9055156372,1911098.333075119,0.1279,0.0472,0.0749,0.75,16.8541666666667,13.4083333333333,0.41770508826583597,6.59887932404687,10.2166666666667,507,53.574932966322905,36.7
mie,3209293.8824563664,2079906.1809056622,0.4864,0.3762,0.0389,0.0985,11.758333333333299,12.2333333333333,0.39335476956055704,6.70555513712099,5.0833333333333295,588.9,38.9552687940663,76.6
moc,3021777.5835554725,2186697.8784521394,0.6874,0.0544,0.2152,0.043,12.3875,12.325,0.413590604026846,6.2678155176773,8.81666666666667,405.20000000000005,34.8701102800104,57.9
cor,3308873.8263377585,2050560.605119386,0.1447,0.4662,0.3401,0.049,10.75,13.016666666666701,0.409329140461216,6.710304152434659,12.549999999999999,599.0999999999999,29.0961653466406,105.39999999999999
mol,2971944.3303727093,2307951.3119061696,0.6943,0.047,0.1195,0.1392,11.8791666666667,11.575,0.431902985074627,5.4604136678682504,6.2,927,40.22510080856699,126
mdd,3261484.4334372506,2177205.8017074703,0.4859,0.391,0.0419,0.0812,9.71666666666667,12.4166666666667,0.41666666666666696,6.16962255119731,3.56666666666667,828.1999999999999,33.2497688713029,115.19999999999999
mos,2867098.333705255,2047777.3680126276,0.3973,0.1093,0.3352,0.1582,14.9541666666667,12.508333333333299,0.407437567861021,6.4350057686395505,8.4,944.4,55.82201297916009,69.2
moa,3555588.2175091626,2198109.1461076457,0.0092,0.959,0.0213,0.0105,8.68333333333333,14.5,0.44753086419753096,6.17418869655002,10.5833333333333,1091.7,19.7960197774761,282
moj,2954859.2339240466,1657377.09779799,0.0449,0.0201,0.9216,0.0133,15.0791666666667,10.475000000000001,0.390858208955224,5.9059083795703105,9.65,959.0999999999999,83.1231084581859,28.900000000000002
mot,2900591.6557808286,1830587.839409171,0.0376,0.0293,0.0531,0.8799,15.7791666666667,12.491666666666701,0.406894679695983,6.413283740279489,9.45,607,58.9770327770161,36.7
mof,3611774.8084593927,2178151.749257836,0.0692,0.8522,0.0265,0.0521,10.3416666666667,14.266666666666701,0.437627811860941,6.58786188701799,15.45,651.5,26.9822705163716,194.60000000000002
mon,3057976.4749786276,1783615.207522331,0.3456,0.1404,0.0861,0.428,17.224999999999998,13.600000000000001,0.421052631578947,6.72243530007068,10.3,587.8,63.0279221674818,32.400000000000006
moe,3685221.3285405636,2107288.2393643875,0.1144,0.6264,0.0262,0.233,8.97916666666667,8.291666666666671,0.348389355742297,5.71129098339156,10.033333333333301,875,22.5168730739055,207.60000000000002
moz,3505163.6954719545,2143193.294129682,0.0919,0.7913,0.0679,0.0489,13.8875,12.7083333333333,0.40862808145766305,6.67233518478964,13.899999999999999,357.8,35.2480461826933,61.8
mdc,3146429.9419319974,1858773.2050028723,0.0287,0.0087,0.9527,0.01,14.275,13.4166666666667,0.39577187807276304,7.2527580960624904,10.049999999999999,414.7,39.7121016100488,50.099999999999994
mor,2971449.429213236,2118684.7144473153,0.0091,0.0096,0.9693,0.0121,12.0833333333333,12.649999999999999,0.414754098360656,6.31006891380512,8.5,546.9,42.505191406787695,57.699999999999996
mdt,3050485.106025342,2175027.4139362425,0.6504,0.0248,0.2756,0.0491,12.3666666666667,12.3666666666667,0.414988814317673,6.2455923852285,8.86666666666667,385.20000000000005,33.7787189704934,52.199999999999996
mun,3053158.355901848,2083477.1631840116,0.7646,0.0481,0.1109,0.0764,11.075,12.566666666666698,0.398941798941799,6.67023578702773,7.25,550.1,32.988234192255405,78.60000000000001
mur,3653580.4573315256,2098898.364573716,0.127,0.7163,0.03,0.1268,11.100000000000001,11.100000000000001,0.384083044982699,6.403727607630359,11.9166666666667,690.1999999999999,26.0713262438761,176.20000000000002
nah,3239440.751515299,2100521.689218405,0.4084,0.3483,0.0445,0.1987,11.7958333333333,13.3416666666667,0.406758130081301,6.9960527290665,7.75,643.6,29.950043740703197,96.30000000000001
nac,3141362.3414474083,2070841.2845013193,0.0126,0.0271,0.9453,0.015,9.045833333333329,9.79166666666667,0.34477699530516404,6.588297418816779,2.8666666666666702,1109.2,45.0456793164011,111.5
nar,3065573.335223408,2151327.633568516,0.6792,0.1462,0.0708,0.1038,12.3458333333333,12.775,0.417483660130719,6.3705094106762905,8.66666666666667,383.2,32.8552507882164,58.4
nag,3126800.642766827,2043771.4560407328,0.7199,0.1957,0.0367,0.0477,13.2666666666667,12.066666666666702,0.39050701186623504,6.73617551775936,9.38333333333333,636.1,46.3655146310939,60.4
nal,3282214.992813515,2154788.0408981033,0.4032,0.2574,0.0611,0.2782,10.4958333333333,13.091666666666699,0.412986330178759,6.66167663625762,12.450000000000001,534,22.997891598881203,106.30000000000001
nav,3080579.8086594683,2044920.6342392212,0.0155,0.0147,0.9561,0.0137,13.420833333333299,12.0583333333333,0.39023732470334405,6.707880654781199,6.63333333333333,724.7,51.678283533737705,61.1
naa,3071413.9247050355,2017075.1458412765,0.4663,0.3057,0.1357,0.0922,12.6833333333333,12.8333333333333,0.384231536926148,7.239360008545869,5.36666666666667,807.9000000000001,50.34889719482089,73.2
nai,3017203.4578064037,2231418.5874971533,0.7976,0.0889,0.0619,0.0515,12.0833333333333,12.350000000000001,0.41722972972973,6.14326435779032,8.65,442.40000000000003,35.652158572327096,64.6
nog,3336456.0389402965,2003807.2177393897,0.1917,0.7321,0.0263,0.0499,9.74583333333333,13.008333333333299,0.396595528455285,6.9172202224636905,11.5,515,31.1263932895488,105.7
oja,3252407.942476708,2230138.08554078,0.5662,0.2507,0.044,0.1391,10.975,10.6833333333333,0.404671717171717,5.60857703554443,12.3,694.7,29.621171744771303,115.3
ola,3294457.372119485,2302308.051915418,0.4667,0.2139,0.0317,0.2878,11.25,9.85,0.419148936170213,5.0700995148921,6.21666666666667,1462.8,36.1037935949864,200.7
orb,3406102.0028731166,2275772.2380800433,0.5865,0.2623,0.038,0.1132,10.1875,10.608333333333299,0.40958815958816003,5.50970734250014,4.71666666666667,1499.7,28.621833992601303,234.1
ord,3261427.41793658,2299019.317291161,0.1593,0.369,0.3475,0.1243,11.883333333333299,10.9333333333333,0.430446194225722,5.13770966541129,6.5,1195.2,26.219256636249,193.4
oso,3143745.035624594,2261390.193446345,0.6039,0.0403,0.1803,0.1756,11.15,13.100000000000001,0.430921052631579,6.1861281766693,7.6666666666666705,520,28.9989004069186,79.1
ovi,3042658.002551974,2388234.1224442767,0.6089,0.3104,0.0249,0.0559,11.5666666666667,9.33333333333333,0.455284552845528,4.15185245256606,7.800000000000001,1030.3,25.9373926663499,168
pds,2985013.369587222,2343307.7556439773,0.7702,0.0893,0.0271,0.1134,10.245833333333302,10.774999999999999,0.43623481781376494,5.01449980888756,5.36666666666667,1417.4,40.7030171797176,182.39999999999998
pal,3603216.254544459,2178957.7226420697,0.0553,0.8941,0.0255,0.0251,7.17083333333333,12.925,0.40390625,6.72429307988895,9.25,761.8000000000001,26.4060847374125,226.9
par,3136476.958119277,2043984.5029709067,0.3442,0.3215,0.0289,0.3054,13.5375,12.175,0.391479099678457,6.74274441698091,9.61666666666667,597,43.5134443811248,62.199999999999996
pas,2919244.1686069034,2092200.1028612044,0.6272,0.0357,0.2065,0.1306,13.0291666666667,12.8916666666667,0.41856060606060597,6.24777990872588,6.65,634.4,45.055942466032405,66.7
pee,3172757.1803550916,2067798.3153139737,0.3787,0.5501,0.0381,0.0332,12.533333333333301,12.5,0.396825396825397,6.72117864843975,5.733333333333331,557.5,45.3386394653552,65.6
pdc,3010289.3813819448,2204607.156825138,0.5937,0.1535,0.1196,0.1332,12.2458333333333,12.325,0.412207357859532,6.23838769720238,5.86666666666667,471.59999999999997,37.598513177150195,61.6
per,3335182.4522511554,1684908.3601441772,0.0955,0.0217,0.8655,0.0173,16.8875,10.508333333333299,0.405727155727156,5.52453720809593,14.15,411.4,39.584331596199704,52.599999999999994
pes,3025828.0682757273,2058876.5222577397,0.7875,0.0605,0.0265,0.1256,10.5125,12.825,0.397058823529412,6.77767474876155,3.7666666666666697,696.5999999999999,33.8044160161212,97
pil,3113270.807856408,2042716.283137155,0.474,0.2765,0.1031,0.1464,12.491666666666701,12.15,0.3796875,6.93970242135567,5.41666666666667,691.1,40.9486617226277,80.9
pdl,3056164.1854651845,2344056.046945691,0.6586,0.071,0.0877,0.1828,7.65,11.5666666666667,0.43320848938826495,5.3330444997546795,2.48333333333333,1386.3999999999999,37.60012459309,180.9
pie,3024933.3098471467,2061293.2950064181,0.7713,0.0827,0.0795,0.0665,11.537500000000001,12.608333333333299,0.40153927813163504,6.631060692611021,4.93333333333333,637.7,36.1936669152148,81.6
pin,3708171.494574207,2091494.913457073,0.1109,0.436,0.0144,0.4387,14.491666666666701,9.399999999999999,0.383673469387755,5.63224617445802,15.5666666666667,676.2,30.5475696658776,146.7
pib,3223441.7765968675,2277787.749796323,0.2884,0.4281,0.1717,0.1118,11.595833333333301,10.525,0.41600790513834,5.4628272039856896,5.949999999999999,600.7,29.074842219381402,93.2
piq,3283371.6055402304,2196904.090674255,0.5559,0.2112,0.0243,0.2085,8.87916666666667,11.941666666666698,0.404802259887006,6.26282169681212,10.383333333333301,673.5,26.3789178099079,110.9
pob,3568877.395130178,2072771.8824441242,0.1079,0.8143,0.0343,0.0435,12.879166666666698,11.225000000000001,0.384417808219178,6.39074111271118,13.700000000000001,663.9,32.2948530198625,131
pol,3102236.700714511,1972913.7414185805,0.0208,0.0135,0.9308,0.0349,15.066666666666698,12.8333333333333,0.397316821465428,6.950713937605561,10.9166666666667,462,38.2828853118892,56
pos,3247321.0181475617,2219961.9571110657,0.5691,0.28,0.0462,0.1047,10.4875,11.0916666666667,0.40480535279805396,5.80889306463492,8.78333333333333,997.4,32.788730223522,146.5
poa,2991041.8328938633,1775749.5716639387,0.0369,0.0484,0.0689,0.8458,17.1541666666667,13.375,0.419278996865204,6.55419568372856,10.5333333333333,613,68.8572480754881,27.200000000000003
prd,3174300.7432676204,2107871.865897283,0.7538,0.1187,0.0525,0.0749,10.4916666666667,12.383333333333299,0.394373673036093,6.601061668513269,3.91666666666667,698.1,36.5872642094823,95
pra,3184630.964370832,2096578.0562064548,0.4403,0.2475,0.1109,0.2014,11.0333333333333,12.350000000000001,0.399676375404531,6.53119553768796,7.3333333333333295,678.9,37.8527405081195,87.89999999999999
pad,3565854.452685563,2071250.6684404523,0.1695,0.75,0.0469,0.0337,11.266666666666701,11.6,0.377850162866449,6.80198277687982,13.133333333333299,627.3,30.631492348715497,120.5
pro,3028886.3043066226,2379524.317687329,0.5437,0.1609,0.103,0.1924,12.0583333333333,10.8333333333333,0.457102672292546,4.8207804598865795,9.65,1125.6,25.2673998310551,189.20000000000002
pru,3638753.6323607042,2179030.305270263,0.1153,0.8067,0.0245,0.0536,9.200000000000001,11.383333333333301,0.403664302600473,6.10137838376036,10.85,858.4000000000001,21.4178172983193,234.20000000000002
pub,2951881.1893642,2257802.5078227967,0.0598,0.1695,0.7368,0.0339,9.72916666666667,12.875,0.448606271777004,5.607724312918469,3.96666666666667,1013.1,52.1736356245396,79.6
pva,3201759.6906185746,2079641.9134719118,0.3495,0.4985,0.0553,0.0968,12.2875,12.1583333333333,0.39475108225108196,6.6449271492005,5.63333333333333,610.4,40.8850410013961,72.5
pue,3255272.706287059,2275430.1718558767,0.4334,0.3798,0.0295,0.1573,12.308333333333298,11,0.4296875,5.36558195324325,6.81666666666667,638.4000000000001,26.9608027452156,104.2
qui,2942591.9022414265,2332261.2723180186,0.6392,0.0254,0.1562,0.1791,11.4791666666667,10.641666666666701,0.436133879781421,5.081940320806851,8.93333333333333,1358.7,46.7013954525952,160.2
rab,3747804.29301009,2167688.7944799596,0.4078,0.4006,0.0195,0.1722,14.5208333333333,9.025,0.389008620689655,5.17689176372593,15.433333333333298,802.8,24.404530675247397,161.29999999999998
ras,3153908.5140331835,2081178.4908175995,0.3315,0.4499,0.0213,0.1972,9.50416666666667,12.2916666666667,0.407008830022075,6.27449593532614,3.18333333333333,814.5,39.4396375232971,102.89999999999999
reg,2825541.37338099,1971788.6237199781,0.0758,0.0952,0.2045,0.6245,15.049999999999999,12.05,0.396381578947368,6.49912581534135,8.55,738.4000000000001,59.247132050503495,46.6
rei,2796810.754448885,1916826.2941013172,0.0499,0.1252,0.0564,0.7685,15.258333333333301,12.433333333333302,0.40499457111835,6.42925958317743,8.85,615.9000000000001,58.98738513616409,33.6
rel,3212692.478962196,1816703.683430383,0.2308,0.0238,0.4483,0.2972,13.320833333333299,12.608333333333299,0.38914609053497906,7.0120823756159805,5.4666666666666694,578.5,46.7657005757243,52
ren,3161988.1598048517,2294838.7808237122,0.5807,0.0984,0.0652,0.2556,10.125,11.8333333333333,0.433455433455433,5.62043754362756,4.46666666666667,667.4,31.0634705261843,96.4
rev,3133827.595258347,2084655.9401220363,0.9168,0.0359,0.0178,0.0295,10.6541666666667,11.924999999999999,0.387175324675325,6.62589473660773,4.06666666666667,711.2,36.9368934349085,95.8
ria,3674950.638348616,2170293.422599789,0.0303,0.8465,0.0923,0.0308,9.741666666666669,11.1666666666667,0.431145431145431,5.43757270937106,14.5333333333333,1010.3,32.896601823941396,304.9
rib,3100737.5155072915,2350657.1590761105,0.6826,0.1036,0.1539,0.0599,11.125,10.9166666666667,0.45486111111111105,4.878873752302789,6.4,1387.8,32.8707150282305,197.39999999999998
rio,3061366.720980596,2347269.150011575,0.67490000000000006,0.1246,0.1363,0.0643,8.7375,11.1083333333333,0.43733595800524905,5.10401468543057,3.98333333333333,1206.7,33.7594687341523,163.5
rdc,3111301.5400687368,2042800.2919540675,0.0166,0.0235,0.9432,0.0167,13.425,11.983333333333299,0.386559139784946,6.78800747307672,9.43333333333333,637.2,45.2908595115876,64.1
rds,3737410.981519715,2110930.4727384313,0.2087,0.415,0.0139,0.3624,14.025,9.783333333333331,0.389774236387782,5.55024569480733,15.066666666666698,810.4000000000001,27.7075961117426,165.10000000000002
sag,3082033.520666835,2265041.8816657267,0.7003,0.0405,0.2247,0.0345,11.125,11.983333333333299,0.426453143534994,5.767562112996511,7.95,481.9,30.7497625520479,70.9
sam,2939467.2821831745,2331850.555585915,0.7085,0.0335,0.1209,0.1371,10.970833333333301,10.2416666666667,0.421467764060357,5.1839112266763,8.43333333333333,1416.2,47.8402918544145,162.8
sca,2970766.544511807,1789922.9196556215,0.024,0.014,0.5551,0.4069,15.9083333333333,13.0833333333333,0.412723449001052,6.558645693535619,9.36666666666667,667.6999999999999,68.4081013613982,35.2
leo,3233078.7730011684,2171850.5540172425,0.7182,0.1512,0.0495,0.0811,9.82083333333333,12.8583333333333,0.42158469945355204,6.293230790927559,3.6166666666666702,657.6,31.7519877855803,104.80000000000001
slc,3120783.916057339,1818076.1005140478,0.0095,0.0282,0.9389,0.0234,13.487499999999999,13.3083333333333,0.39257620452310704,7.21822582709277,6.28333333333333,566.5999999999999,44.6828883600155,58.2
ees,3125565.5996980667,2055481.2041506148,0.5542,0.2446,0.1375,0.0637,11.725000000000001,11.850000000000001,0.38599348534202,6.7087290491229,7.91666666666667,879.3000000000001,46.9784512255682,82.5
sac,2948203.686832438,2266593.3341469937,0.8077,0.0602,0.0861,0.0461,9.58333333333333,11.200000000000001,0.41947565543071197,5.51688867080537,4.33333333333333,1256.7,55.9255572536533,110.1
sas,3349768.1953701526,2323051.0837022597,0.3264,0.0767,0.062,0.5349,13.9291666666667,7.64166666666667,0.40647163120567403,4.20932181610235,12.2666666666667,1686.6999999999998,20.888066127361903,344.6
scm,3139155.969588869,1838293.4061484244,0.0587,0.0736,0.2215,0.6461,14.3458333333333,13.3083333333333,0.39373767258382597,7.26290257320576,10.1666666666667,440.7,44.0348247165095,44.5
san,3138658.759189983,1799215.9055085373,0.2957,0.0376,0.3038,0.3629,15.262500000000001,12.8916666666667,0.39789094650205803,6.9008604535956195,8.383333333333331,543.6999999999999,53.514567656572794,35.3
fei,2769872.0933467997,2171922.278711989,0.7155,0.0656,0.0302,0.1887,15.5333333333333,11.75,0.43198529411764697,5.58277925789872,9.81666666666667,1107.7,55.876179473759805,92.4
smt,3009296.8242332423,2119678.363535721,0.5338,0.083,0.0855,0.2976,12.070833333333299,12.075,0.409322033898305,6.30593004939627,8.41666666666667,444.3,33.596810492993995,60.5
sdv,3090323.842884981,2316548.896631305,0.6529,0.0717,0.2091,0.0664,10.0833333333333,11.683333333333298,0.414302600472813,5.83217304477863,4.06666666666667,1003.4000000000001,37.2524406304014,129.9
sal,3732137.7256907397,2119029.7826112816,0.2155,0.4656,0.0252,0.2937,13.7041666666667,10.8083333333333,0.407861635220126,5.70037711405344,14.6666666666667,867,27.01628941894,191.1
sfb,3702026.279366483,2106113.8014531787,0.1359,0.4394,0.0433,0.3814,14.1666666666667,11.316666666666698,0.41758917589175903,5.8064358232651605,19.2166666666667,785.4000000000001,30.1147902390592,204.7
stp,3183736.0710717635,2112717.4010525607,0.6556,0.2134,0.046,0.0851,10.6375,11.941666666666698,0.380307855626327,6.50929841911484,6.96666666666667,711.4,34.0098233281013,102.89999999999999
spm,3704383.0844651675,2085428.043492731,0.1358,0.4617,0.0321,0.3704,15.4791666666667,8.99166666666667,0.379390103499027,5.5015609194422,16.525000000000002,696.0500000000001,31.956635312505497,155.65
svi,2922236.710240869,2417369.571197173,0.6347,0.1563,0.0691,0.1399,11.8708333333333,8.75833333333333,0.465868794326241,3.8008646344873895,8.28333333333333,1129.6,42.232563488081894,138.3
sen,3562524.6151780924,2211185.9199647116,0.3934,0.2844,0.171,0.1511,7.4375,11.858333333333299,0.404721274175199,6.154419143997259,9.08333333333333,1182.3,17.351692120884,314
ses,3350010.805933223,2117380.9702583766,0.2033,0.4113,0.1959,0.1896,12.225,12.0833333333333,0.392316017316017,6.700186564566691,14.3333333333333,470.79999999999995,29.661457183613898,113.3
sln,3133917.4318167483,2027825.6490865306,0.0157,0.0435,0.9063,0.0345,13.5416666666667,12.649999999999999,0.396551724137931,6.9183167071626706,9.43333333333333,522.8,42.3123424123503,56.2
sne,3138538.129237287,1658385.2315326538,0.1135,0.0297,0.723,0.1339,7.5,12.8333333333333,0.406118143459916,6.59379873958721,1.38333333333333,831.8000000000001,49.955615462629495,80.19999999999999
som,3182903.6841050116,2106766.301701789,0.3503,0.3839,0.1265,0.1393,9.44583333333333,12.3416666666667,0.38447559709241996,6.64842627767632,5.6000000000000005,852,33.5033539365194,125
tam,3206435.165148763,2090060.4455973397,0.5515,0.3561,0.0561,0.0363,11.683333333333298,11.866666666666701,0.39293598233995597,6.5322393951195306,5.25,744.8000000000001,39.7250845456114,91
tar,3693005.445121539,2116424.933998648,0.157,0.7425,0.0603,0.0402,9.712499999999999,10.625,0.386363636363636,6.057494419012171,10.633333333333299,889.0999999999999,18.5021375244911,202.10000000000002
tau,3568477.4833938945,2205031.9470592416,0.0655,0.8906,0.0269,0.017,6.012499999999999,11.141666666666701,0.38287514318442195,6.270643181452041,7.51666666666667,1062.8,29.7368313036335,330.6
tej,3238729.270886826,1789375.1553020077,0.2033,0.1427,0.1443,0.5098,14.537500000000001,12.125,0.391129032258064,6.66470094125488,7.01666666666667,691.5,48.680181724771295,66.8
tol,3542566.0133906603,2160313.3384538954,0.0818,0.8634,0.0215,0.0333,11.2958333333333,12.6583333333333,0.398060796645702,6.89342434805984,13.5833333333333,611.4,26.862289295347,148.7
ton,3357314.3147347425,2058862.375788755,0.2728,0.5338,0.1409,0.0525,11.0916666666667,14.4333333333333,0.434738955823293,6.705419562946941,12.7,467.2,29.0637459037684,100.39999999999999
tor,3252466.7280748812,2145923.8946147542,0.5756,0.0621,0.0133,0.3491,10.8458333333333,12.6416666666667,0.407795698924731,6.5136031898751305,12.566666666666698,559.3,27.389876233465298,101.30000000000001
tsm,2936376.5654189615,1940290.9107854166,0.0781,0.0545,0.1318,0.7356,15.245833333333302,12.0916666666667,0.383862433862434,6.9026167084839996,8.28333333333333,646,56.1899167141605,44.900000000000006
tec,3289582.936414807,2212452.8810081724,0.4895,0.3185,0.083,0.1091,9.80416666666667,11.7083333333333,0.40097031963470303,6.18000655829798,11.366666666666701,665.6,26.022450732013702,117.30000000000001
toe,3144966.145258632,2052306.4014050416,0.0131,0.0106,0.9602,0.0161,12.5916666666667,12.1666666666667,0.388711395101172,6.797587584555051,8.65,612.7,42.4458165778057,66.9
tdc,3329187.0392986033,2122024.846724135,0.3954,0.2285,0.0399,0.3362,11.808333333333302,12.3166666666667,0.39989177489177496,6.623540433845621,13.716666666666699,486.2,23.8957394398822,103.5
trs,3071966.7945354944,2380209.5750999423,0.6221,0.1412,0.1568,0.0799,12.6708333333333,10.125,0.46232876712328796,4.3034583520558005,10.8333333333333,1263.1,28.392581907485898,210.3
tre,3136621.850756468,1649947.587578546,0.4755,0.192,0.0679,0.2646,10.9791666666667,12.3416666666667,0.41694819819819806,6.1868797515877105,5.133333333333329,592.9,70.1336450027044,26.6
tri,2903547.4131543394,1737746.1667037345,0.0394,0.0264,0.043,0.8912,18.3958333333333,12.9916666666667,0.43890765765765805,5.932593267601271,12.3166666666667,579.6,67.7939013789931,25.2
una,3301182.065907061,1984363.2693155475,0.1488,0.5707,0.2066,0.0739,11.1583333333333,14.2,0.43962848297213597,6.40457341327747,7.633333333333329,836,41.387745041902406,94.7
urd,3252238.176360616,2222211.234110981,0.2932,0.446,0.0299,0.2309,9.4875,10.975,0.404981549815498,5.7246724797144495,10.75,975.6,27.8813932312922,154
usa,3202925.3747657062,2055011.2948282491,0.2875,0.5687,0.0385,0.1053,12.8708333333333,12.608333333333299,0.39648846960167694,6.817306130634579,5.91666666666667,473.8,36.2592661851571,62.699999999999996
vad,3213715.7281683558,2295080.2922590766,0.4313,0.2168,0.0527,0.2992,11.045833333333299,11.2083333333333,0.43275418275418304,5.43747344124479,5.6000000000000005,748.9,26.7604638851593,115.7
vae,3049125.359105207,2241966.9609687338,0.7663,0.0481,0.1422,0.0433,11.7166666666667,12.566666666666698,0.420289855072464,6.200085532156841,8.2,454.4,29.9810062565653,75.3
vas,3201659.5342845726,2082021.831239448,0.5097,0.3655,0.0559,0.0689,12.7666666666667,12,0.4,6.45995825110818,6.3333333333333295,754.2,41.2811477364352,95.1
vaz,3251611.1465006913,2220903.2148930915,0.0948,0.6192,0.2546,0.0313,6.39166666666667,11.0833333333333,0.387529137529137,6.13387884596441,7.68333333333333,874.3000000000001,32.8043209104832,128.2
vai,2838198.830063481,2178835.83544607,0.4222,0.0442,0.2593,0.2743,14.1666666666667,11.866666666666701,0.425328554360812,5.75595870433941,8.33333333333333,912,58.748162206851504,70.8
vac,3046822.704050412,2264623.2804592308,0.8584,0.0786,0.0309,0.0321,11.274999999999999,12.1166666666667,0.423659673659674,5.89801584510341,7.98333333333333,440.79999999999995,33.9859452776867,71.8
val,3243711.5417484934,2227657.862997498,0.4897,0.3827,0.0556,0.0719,9.44583333333333,10.8916666666667,0.388988095238095,6.07032492515596,10.9,706.3,33.0298119792539,110.8
vag,3697053.4150870424,2089997.9819624985,0.2435,0.4765,0.0505,0.2295,14.4166666666667,7.383333333333329,0.331091180866966,5.428641774435991,15.700000000000001,741,25.641545833633003,159.2
vao,2866296.057497395,2222786.224377051,0.6495,0.1028,0.123,0.1246,12.9375,11.875,0.42715827338129503,5.66123681475411,7.16666666666667,961.5999999999999,54.4040806813117,74.9
vav,2755898.681796425,1902484.4898165904,0.1087,0.0399,0.1795,0.672,16.9625,12.2916666666667,0.418083900226757,6.115484259424821,10.85,645.9000000000001,63.574494050841004,35.9
vel,3128203.4727422222,1661411.366767668,0.1642,0.1225,0.6491,0.0641,5.59166666666667,13.233333333333299,0.39268051434223505,7.02242619733164,-0.983333333333333,715.4000000000001,51.6426275944183,50.5
ver,2883510.126499798,2261210.764451995,0.7418,0.0653,0.0673,0.1255,12.8333333333333,11.399999999999999,0.44015444015444,5.28610241935197,10.033333333333301,1019.7,50.512394210274294,99
vid,2763488.1202777214,1865528.385575656,0.0405,0.0825,0.0275,0.8496,16.995833333333298,12.225,0.417235494880546,6.04759374888188,10.9833333333333,598.8000000000001,63.84868475900299,30.7
vie,3562984.103707684,2215547.207591554,0.0623,0.8973,0.0255,0.0149,6.49583333333333,11.675,0.402586206896552,6.15228923887587,8.100000000000001,1103.6,14.9772081137899,273.09999999999997
vig,3289692.283403295,2219710.173000488,0.5173,0.2596,0.0367,0.1863,11.7416666666667,11.283333333333301,0.39870435806831594,6.08619276923122,13.35,475.09999999999997,34.5708462921032,85.19999999999999
vir,3688051.443849546,2114472.7081840253,0.1728,0.4531,0.0175,0.3566,10.345833333333301,10.5416666666667,0.383333333333333,6.056268665731,11.216666666666699,938.7,18.7537858125216,218.5
vdm,3575605.7261188976,2148044.6451936876,0.0124,0.9532,0.0204,0.014,9.225,12.95,0.385416666666667,7.2854930575019505,11.65,740.3,30.364611740895402,197.5
vil,3194344.759312244,2294746.5563151613,0.7096,0.1681,0.0323,0.09,11.529166666666699,11.475,0.443050193050193,5.2649984172204,6.21666666666667,875.1,31.1727926026866,127.5
vif,3034637.0375914793,2217730.1352302735,0.7634,0.0377,0.1146,0.0843,12.120833333333302,13.191666666666698,0.413531870428422,6.62438533455037,8.26666666666667,422.1,35.7144643494306,63.9
vpe,3122686.159174015,2309212.926913852,0.721,0.0816,0.1187,0.0787,8.37083333333333,12.0916666666667,0.433393070489845,5.62132539908732,2.9666666666666703,991,39.4934768374848,118.69999999999999
vdt,3019498.8713898202,2110640.838971641,0.77,0.0872,0.1079,0.0349,12.125,12.8166666666667,0.420218579234973,6.31227159802814,8.65,377.70000000000005,35.0228031051484,52.300000000000004
vih,3018973.662592545,1799695.6463258949,0.0198,0.0171,0.0942,0.8689,16.1666666666667,12.9166666666667,0.402388369678089,6.803920438492311,9.549999999999999,463.7,53.492699210942796,45.4
via,3242201.8906481774,2291162.112211785,0.5581,0.2664,0.0352,0.1403,10.1583333333333,11.316666666666698,0.431933842239186,5.39279120397749,4.75,866.3,28.698083896193502,132.3
ves,3016905.224299784,2152795.5417814744,0.668,0.0857,0.1843,0.0619,12.066666666666702,12.433333333333302,0.411699779249448,6.30844791937883,5.63333333333333,439.09999999999997,35.3354354522909,61.6
vpa,3138886.3356565665,2042347.1723955313,0.4168,0.3618,0.1819,0.0395,13.6708333333333,12.258333333333301,0.394158628081458,6.762982744770279,9.71666666666667,580.7,42.3146066945916,63.099999999999994
vdv,3409236.520481222,1948886.0212909519,0.1303,0.6895,0.0785,0.1018,12.8083333333333,11.7333333333333,0.401826484018265,6.28272643962408,13.6166666666667,551.7,28.6378973612185,130.29999999999998
vis,2951863.2573862644,2006787.4786572966,0.0227,0.0385,0.9085,0.0304,17.2041666666667,12.508333333333299,0.387254901960784,7.06136924442141,9.983333333333329,697.8,58.8089051183743,50.9
vim,2957817.2812487427,2236031.461746077,0.0421,0.0478,0.8969,0.0131,11.983333333333299,12.0333333333333,0.429761904761905,5.704158504321581,6.23333333333333,887.0999999999999,49.3520131081576,84.5
vdc,3001873.0545623666,1793495.3614214994,0.0713,0.0263,0.8856,0.0168,15.504166666666702,13.375,0.414086687306502,6.65956108072287,8.9,756.4,63.84876386468329,37.2
vin,3037624.5835350975,2323212.5119023407,0.6795,0.0157,0.0379,0.2669,8.71666666666667,13.25,0.446127946127946,5.7203914890397805,2.9666666666666703,758.4000000000001,39.6269500034456,92.30000000000001
voz,3335326.8394598463,2160164.4472393473,0.5094,0.2645,0.0342,0.1919,11.0166666666667,11.983333333333299,0.39418859649122795,6.54676649309806,12.95,505.90000000000003,26.4716399286583,110.60000000000001
yan,3301249.7470759084,2194696.5554777957,0.2659,0.5549,0.0891,0.09,10.6541666666667,11.7416666666667,0.404885057471264,6.19609328284339,12.2333333333333,639.8,23.6076981076317,127.6
zaz,2940459.8467331696,1942587.767966054,0.0194,0.0206,0.0419,0.9181,16.0666666666667,11.633333333333301,0.37648327939590104,6.98707681539587,9,609.4,57.7853000268386,42.199999999999996
zar,3120872.658889786,2052259.2237406387,0.0153,0.0216,0.9378,0.0253,11.0166666666667,11.9333333333333,0.383708467309753,6.82359986748308,7.1499999999999995,749.8000000000001,45.4916172474368,76.2
